ts	phase	decision	why	evidence	result
2026-09-27T18:08:51Z	A	Base token work on deployed snapshot	Production tree matched no git branch; snapshot commit 1b00978 is the only faithful base	1b00978	231 tests pass on snapshot
2026-09-27T18:08:51Z	A	PONS = trade in Pons-launched token	Owner decision; exact on-chain via hook launches(poolId)	.audit/flow-origin-probe.json	573 Pons pools / 12463 Pons swaps in 20k blocks
2026-09-27T18:08:51Z	A	FOMO on FEED plus new TRADES section	Owner allowed a new section if it earns its place; PONS has 0 LP rows so only trades can carry it	.audit/tape-label-coverage.json	FOMO 37/144 LP rows; PONS 0
2026-09-27T18:08:51Z	A	75 bps trade fee, rebates deferred	Owner decision; rebates need legal review	.audit/TOKEN_PLAN.md	Pons hook 100 bps fixed, creator 0-500 bps measured on 549 pools
2026-09-27T18:38:29Z	B	Gate base = unified credential (C3) + C1/C2 grafts	Judge C1 23 C3 23 C2 16; C3 gaps local, C1 structural	.audit/design/gate/SYNTHESIS.md	arena complete
2026-09-27T18:38:29Z	B	Tx base = UniversalRouter only (C1) + fixes	Judge C1 27 C2 17 C3 15; listener cannot quote Pons; executor unwritten+unaudited	.audit/design/tx/SYNTHESIS.md	arena complete; fork probes verified fee to the wei
2026-09-27T18:38:29Z	B	Tags: architect skipped	Shape fixed by event model; classify is pure over pool, envelope, listener facts	.audit/design/tags/DESIGN.md	design written
2026-09-27T18:38:29Z	B	Pons LP adds refused	fee-0 PoolKey; hook keeps swap fees; LP earns nothing	.audit/design/tx/SYNTHESIS.md	remove/collect allowed
2026-09-27T19:14:31Z	C	Gate units 0-2 verified in real browser	Own browser run on anvil fork dev server, not builder self-report	browser: sign-in cookie __Host HttpOnly Secure Strict; key mint; keyed REST quota+private; forged rhp_ key 401; drain->grace@52s->stream event:gate@120.3s->need@141.7s; owner v2 applied+audited; forged policy refused+audited	VERIFIED; 260 tests; golden 178 responses byte-identical
2026-09-27T19:14:31Z	C	Gate UI fixes requested	Raw-unit thresholds are a 10x footgun; long errors overflow dialog	browser screenshots	sent to GateBuild
2026-09-27T19:14:31Z	C	Tags measured	PONS exact vs hook; FOMO agreement vs listener	tools/flow_tags_sample.py (flow-tags worktree)	PONS 981/981; FOMO 245/245 agree but same log basis, independent check requested; early_ms ~0.1s noise, not displayed
2026-09-27T19:21:19Z	C	FOMO rule narrowed to FOMO wallet code	Relay footprint alone: 252/326 FOMO-code counterparties (77.3%); apollo roster dead since 2026-08-29, FOMO API feed stopped 2026-09-04; on-chain delegation code + zero-gas v0.8 ops are the live independent signal	flow-tags 8c045e3 tools/flow_tags_sample.py evidence	precision vs FOMO-code identity 1.0 by construction; residual: other Simple7702Account users (apollo copy wallets)
2026-09-27T19:54:50Z	C	Trade ticket verified end to end on fork in browser	Own browser run with injected wallet; real tx core on anvil fork of local Nitro; real pools table read-only	screens in session; fork balances	buy 0.01 ETH->ITH: fee 75000000000000 wei exact, ITH received = quote; sell ITH->USDG via v4 pons+v3 bridge with approve+permit: fee 94788 raw USDG (74.99 bps floor), received = quote; rejection returns to quote with note; nobody locked + server 403; 390px no overflow; 0 console/CSP errors
2026-09-27T20:00:57Z	C	FEED tags integrated, no TRADES section	Existing tape already has events: all incl swaps; owner said label the tape; a new section did not earn its place	tests/test_tags_server.py; browser FEED screenshot; incognito check	badges render in theme; incognito page 0 tag calls, direct 401; holder 1 call per new batch
2026-09-27T20:14:22Z	C	LP management verified on fork in browser	Own browser runs; real tx core on anvil fork	positions #1323366 (V3) #3362285 (V4)	V3 mint/remove50/collect; V4 mint (max bounds) + add; Pons adds refused; zero-balance side explained; pool-switch race reproduced (V3 mint when V4 selected) then fixed and re-verified
2026-09-28T02:07:14Z	C	Owner and fee wallet created	User asked for one wallet for owner and fee recipient	~/.secrets/rhpools (keystore+password+key, 600), keystore copy in B2 keys/rhpools sha256 50dc2721	0xb196Ebb775D6961411066d11D0fdb65922fB7b0E
2026-09-28T02:07:14Z	C	Read-only listener role rhp_listener_ro	Listener needs 2 relay_listener_research tables only	NOINHERIT, default read-only, 5s timeout, SELECT on 2 tables; DELETE and CREATE refused	~/.secrets/rhpools/listener.env
2026-09-28T02:07:14Z	C	External V3 routers, output-side fee	Pancake SmartRouter, Giga SwapRouter, up Slipstream router cannot take an input fee atomically; custom contracts forbidden	.audit/design/tx/V3_ROUTERS.md; fork tests; browser Pancake buy fee exact	approve exact input only
2026-09-28T02:07:14Z	C	0xfcfae8 was not an id mismatch	WETH/USDG pool has no token side; real bug was dynamic-fee V4 coerced to fee 0 and one-shot legacy repair	fix/v4-poolid 0275f7a	0 hash mismatches in 305,732 complete rows
2026-09-28T02:07:14Z	C	Bucket pruning not shipped	35-day bucket retention reclaims 0 bytes today and ~4% of growth; not worth writer-path risk	.audit/design/prune/PRUNE.md	feat/prune-20260927 kept unmerged
2026-09-28T02:07:14Z	C	predeploy.sqlite and reflink twin deleted	User approved; B2 and disk2 hold verified tar.zst (sha 159926d2, db sha 1fc45ea5)	df unchanged after deletion; cause unresolved	freed ~0 GB
2026-09-28T02:07:14Z	E	Deployed 01722fd to production	Restart ready in 35 s; tunnel ingress v7 keeps /api/lp/dislocations	public /api/tx/status enabled; /api/v1/tags 401 anon	PR #27
